<?xml version="1.0" encoding="UTF-8"?><nfeInutilizacaoNF2Result xmlns="http://www.portalfiscal.inf.br/nfe/wsdl/NfeInutilizacao2"><retInutNFe versao="3.10" xmlns="http://www.portalfiscal.inf.br/nfe"><infInut><tpAmb>1</tpAmb><verAplic>SP_NFE_PL_008i2</verAplic><cStat>102</cStat><xMotivo>Inutilização de número homologado</xMotivo><cUF>35</cUF><ano>17</ano><CNPJ>51017952000159</CNPJ><mod>55</mod><serie>1</serie><nNFIni>1299</nNFIni><nNFFin>1299</nNFFin><dhRecbto>2017-06-01T12:53:52-03:00</dhRecbto><nProt>135170344294917</nProt></infInut></retInutNFe></nfeInutilizacaoNF2Result>